"0","y <-seq(min(x),max(x), length.out = 10)"
"0","y"
"1"," [1]"
"1"," -10.000000"
"1","  -7.222222"
"1","  -4.444444"
"1","  -1.666667"
"1","   1.111111"
"1","   3.888889"
"1","   6.666667"
"1","   9.444444"
"1","  12.222222"
"1","  15.000000"
"1","
"
