"0","eMat$vectors[,1]"
"1"," [1]"
"1","  0.43882447"
"1"," -0.14556304"
"1","  0.28527723"
"1"," -0.40176466"
"1","  0.38038885"
"1","  0.07748864"
"1","
"
"1"," [7]"
"1","  0.02767080"
"1"," -0.05885416"
"1","  0.36016255"
"1"," -0.11718674"
"1","  0.49504252"
"1","
"
